ct,census_block_group,b01001e3,b01001e4,b01001e5,b01001e6,b01001e7,b01001e8,b01001e9,b01001e10,b01001e11,b01001e12,b01001e13,b01001e14,b01001e15,b01001e16,b01001e17,b01001e18,b01001e19,b01001e20,b01001e21,b01001e22,b01001e23,b01001e24,b01001e25,b01001e27,b01001e28,b01001e29,b01001e30,b01001e31,b01001e32,b01001e33,b01001e34,b01001e35,b01001e36,b01001e37,b01001e38,b01001e39,b01001e40,b01001e41,b01001e42,b01001e43,b01001e44,b01001e45,b01001e46,b01001e47,b01001e48,b01001e49
55079000101,2203160004050,232,120,109,93,100,51,110,131,130,124,62,133,84,73,143,77,48,18,22,23,24,6,44,194,274,94,114,64,132,74,279,211,104,125,147,100,190,178,81,31,36,14,39,165,94,169
55079000102,1652370003066,141,79,77,62,23,28,0,60,114,119,58,63,124,118,91,46,82,89,38,55,6,95,61,73,103,77,68,4,0,11,94,138,143,49,220,108,124,187,26,123,38,102,90,83,51,126
55079000201,1652370006036,261,236,345,116,51,48,0,140,229,304,190,90,73,97,108,17,40,19,0,11,11,53,11,321,214,348,140,76,99,62,112,110,307,239,134,221,80,120,103,82,11,46,62,72,22,47
55079000202,1652370006066,328,267,162,68,79,21,17,199,152,279,167,103,199,198,178,87,167,152,80,86,0,34,15,145,391,187,198,70,63,0,205,215,272,257,263,136,197,192,89,94,55,52,109,23,67,37
55079000301,550790003011,19,13,55,0,9,6,9,6,56,60,81,50,74,31,42,9,30,18,30,31,35,4,5,0,58,67,33,0,0,0,28,63,39,61,32,82,76,58,19,30,31,29,56,32,6,0
55079000302,550790003021,150,203,172,61,26,19,5,33,127,59,110,75,78,94,48,49,30,6,18,11,18,0,0,150,145,171,126,30,13,35,101,202,165,39,86,139,133,87,25,16,21,11,20,19,6,8
55079000303,1101580006063,76,94,85,13,18,35,41,30,59,56,66,44,40,33,44,17,20,12,25,21,5,5,5,85,102,32,21,67,29,0,67,49,65,59,45,82,35,91,8,36,21,26,16,10,12,24
55079000304,1101580006083,91,87,164,92,45,22,14,13,94,46,40,96,147,167,152,79,45,11,67,91,18,33,23,185,19,58,53,36,12,19,75,67,83,71,87,62,208,127,45,91,86,67,26,28,47,35
55079000400,1101580008003,199,172,94,37,17,22,16,62,162,78,39,43,10,5,107,21,63,22,2,0,20,6,19,86,32,121,21,29,34,9,128,173,62,81,105,69,100,53,40,48,48,9,40,16,25,19
55079000501,1652370015036,90,90,167,102,49,16,19,42,199,88,122,111,123,104,100,55,43,33,61,7,6,30,18,169,172,124,90,38,18,0,149,149,179,158,126,156,152,138,14,67,8,23,20,22,33,16
55079000502,1652370015066,237,318,211,137,87,0,8,76,188,146,105,116,159,148,20,34,46,19,17,54,27,42,21,349,227,229,125,20,61,0,149,354,233,188,137,152,118,45,65,69,10,40,29,42,36,101
55079000600,2753950030015,225,372,294,84,46,56,0,66,166,265,163,209,231,238,114,48,116,92,32,65,74,30,42,376,247,223,208,39,18,0,145,185,285,115,284,364,268,190,49,109,99,106,162,74,58,119
55079000700,1652370021006,63,120,135,55,12,12,0,113,66,70,65,180,155,106,68,43,15,22,34,49,52,45,34,89,201,107,58,40,19,29,22,157,74,122,158,170,103,128,13,43,136,43,127,53,66,107
55079000800,1101580016003,125,197,62,123,41,24,0,128,91,69,109,258,197,171,221,54,27,60,36,18,27,30,29,179,165,111,74,58,79,21,151,212,134,106,234,247,134,111,62,102,62,19,77,81,70,24
55079000900,1101580018003,259,137,215,47,69,42,30,127,162,70,86,116,76,69,121,18,7,29,20,54,1,9,24,159,217,184,184,84,9,49,56,140,204,124,99,70,56,116,19,46,41,44,12,8,25,32
55079001000,2203160040010,131,195,184,64,23,41,51,72,137,100,70,50,113,92,110,54,51,0,20,18,4,44,0,120,259,179,138,42,0,1,55,232,131,152,77,69,151,68,23,87,42,27,43,34,25,21
55079001100,1652370033006,95,129,110,48,20,0,38,0,194,79,12,55,55,54,88,13,11,0,25,0,0,17,0,35,84,68,53,20,7,17,118,93,134,70,90,156,98,156,5,47,6,18,40,0,51,1
55079001200,1652370036006,171,181,238,105,84,20,47,83,92,52,46,98,67,118,92,4,23,10,37,12,7,10,4,150,162,143,109,62,45,21,33,101,113,147,77,54,111,58,27,23,17,8,20,12,31,0
55079001300,2203160052010,108,162,313,134,168,0,19,31,209,168,78,82,80,87,37,64,48,39,8,10,56,9,0,324,257,258,93,87,15,0,79,179,231,143,134,168,204,69,0,101,6,29,40,22,8,18
55079001400,1101580028003,122,167,70,79,37,21,34,30,91,45,103,91,68,50,14,33,49,16,15,15,8,6,11,126,114,109,70,62,24,10,50,143,108,152,91,48,41,24,12,24,18,17,31,6,0,15
55079001500,1652370045006,186,129,166,74,4,0,30,98,136,58,48,84,109,132,27,3,47,37,50,64,38,30,0,167,95,73,149,86,48,67,164,60,189,131,125,107,76,72,33,60,15,35,24,23,40,10
55079001600,1101580032003,127,71,194,70,57,64,58,93,69,24,64,161,63,129,51,6,43,19,8,10,21,0,11,152,198,64,54,16,19,0,108,66,174,45,158,94,108,56,14,25,54,0,0,35,11,36
55079001700,2753950085015,289,289,211,57,76,77,0,37,37,132,94,91,123,93,62,55,20,96,13,39,63,27,26,144,176,166,93,88,14,11,96,207,242,199,220,199,135,143,55,80,62,11,110,127,17,15
55079001800,1652370054006,148,221,58,183,41,7,57,54,78,72,36,144,18,118,24,43,24,24,9,12,11,9,1,189,103,135,90,81,28,43,10,208,70,117,138,108,86,85,48,12,41,37,11,44,19,2
55079001900,2203160076010,60,165,161,111,59,1,80,21,22,82,73,84,65,52,60,61,33,1,81,21,29,0,0,146,47,165,79,16,0,14,37,106,249,74,48,129,164,110,32,28,36,47,56,13,11,28
55079002000,1652370060006,150,132,34,43,58,6,24,33,73,41,42,59,80,71,53,5,51,6,17,8,11,17,6,77,77,104,75,44,59,40,99,123,64,75,131,35,81,115,26,41,17,59,17,17,30,6
55079002100,1652370063006,128,68,130,63,37,32,31,0,68,92,14,36,56,72,32,4,42,5,4,17,5,0,9,23,138,92,19,98,14,0,82,87,49,55,38,95,138,63,7,39,11,27,36,32,27,0
55079002200,1101580044003,131,26,66,26,87,33,0,11,50,64,52,61,66,63,32,39,37,20,5,31,6,4,16,47,54,114,9,20,42,0,40,79,76,74,56,109,58,60,1,24,32,0,10,0,11,34
55079002300,2753950115015,81,213,169,99,95,92,16,145,33,107,132,135,96,119,122,19,97,63,68,57,37,32,0,54,130,183,123,91,0,12,30,111,141,148,89,212,48,108,107,39,50,29,122,56,35,84
55079002400,1652370072006,106,129,120,26,18,0,0,42,115,86,45,64,69,127,52,58,17,0,9,35,6,0,4,49,103,131,58,41,0,26,68,124,110,49,85,9,88,121,5,26,5,5,26,13,10,5
55079002500,1652370075006,68,68,187,83,22,0,20,40,44,30,80,115,50,71,59,16,11,20,2,17,6,7,20,91,109,73,29,4,0,7,45,32,127,102,54,64,58,96,36,13,40,37,11,41,7,4
55079002600,1652370078006,122,130,201,146,129,0,27,138,119,99,44,59,121,47,71,0,35,7,39,51,3,0,0,51,129,131,104,31,13,12,101,112,148,129,159,40,148,57,14,4,22,30,22,25,0,35
55079002700,1101580054003,104,107,44,10,0,39,39,0,0,130,29,16,82,53,66,4,40,35,7,13,11,4,8,78,94,156,106,30,44,0,28,96,94,110,36,55,42,100,25,66,27,12,10,10,3,7
55079002800,1101580056003,53,71,131,73,25,28,49,66,101,71,34,25,49,136,35,4,14,14,14,0,0,0,6,168,43,69,109,16,0,56,68,67,68,61,74,68,81,76,12,47,13,5,33,6,4,31
55079002900,1101580058003,112,60,160,78,24,0,6,115,34,79,9,51,10,58,47,36,5,26,7,0,17,16,4,112,110,93,47,28,7,4,53,92,71,38,134,75,89,16,4,28,31,18,11,29,7,11
55079003000,2203160120010,151,306,236,127,34,20,24,74,95,104,78,150,106,205,95,34,1,29,21,56,44,0,9,281,250,145,101,63,118,11,98,197,164,119,179,173,131,75,21,92,49,47,54,39,55,9
55079003100,2203160124010,54,113,217,54,40,55,126,97,104,21,24,122,76,99,135,17,60,40,31,40,22,18,9,164,95,198,92,100,22,42,26,159,122,225,152,183,132,115,37,48,51,24,48,35,36,2
55079003200,1652370096006,136,104,46,66,94,7,27,144,123,104,80,87,64,77,125,26,9,12,10,11,14,0,11,85,46,174,41,33,25,31,50,106,81,79,154,69,93,110,26,64,64,45,25,46,24,30
55079003300,3304740198021,260,274,265,143,44,0,37,85,178,185,136,97,163,111,96,14,24,43,50,80,34,28,9,200,348,182,97,27,53,6,216,387,131,247,290,146,138,176,40,61,23,8,47,48,51,42
55079003400,2753950170015,414,279,279,74,86,113,0,1,511,219,214,245,155,63,178,100,87,27,48,0,21,53,37,109,191,214,158,17,18,50,124,126,231,247,164,143,190,180,74,158,60,33,61,92,59,170
55079003500,2203160140010,81,128,98,125,116,35,38,215,115,55,63,160,134,82,94,32,35,65,23,19,27,32,9,97,102,121,35,43,41,17,129,56,98,97,166,227,141,108,81,55,31,24,82,61,8,30
55079003600,1101580072003,147,74,75,32,6,24,16,0,66,117,31,42,58,45,99,25,22,6,21,33,17,10,28,133,49,139,101,39,0,33,45,114,61,90,122,37,50,96,30,62,21,26,4,13,6,47
55079003700,1101580074003,63,171,25,51,42,64,0,19,81,46,33,47,122,27,84,0,36,19,11,13,5,8,4,23,43,63,58,25,29,0,67,56,53,64,168,99,212,73,46,51,31,17,11,12,2,19
55079003800,1652370114006,11,84,105,39,4,10,29,33,7,53,20,119,66,63,53,59,20,19,10,41,22,7,24,77,131,102,63,41,20,22,35,145,71,100,91,105,102,92,36,42,26,10,48,11,12,3
55079003900,1652370117006,78,82,60,44,13,0,30,54,13,47,138,89,60,59,70,49,41,0,29,42,7,20,0,91,59,119,143,34,37,8,90,15,69,191,131,161,83,114,89,7,41,100,18,12,31,26
55079004000,1652370120006,288,70,192,0,0,13,10,84,52,54,36,54,17,32,70,7,16,26,0,12,22,21,20,75,89,144,138,89,0,24,75,140,172,86,86,110,133,64,27,28,9,30,23,38,8,9
55079004100,1652370123006,96,69,130,21,24,0,12,26,43,62,49,94,57,103,62,13,8,39,19,43,0,23,6,53,152,144,98,7,31,22,73,65,104,51,92,114,110,94,20,38,10,28,77,16,15,21
55079004200,2203160168010,101,252,264,63,12,14,0,14,56,97,111,92,77,53,52,45,45,39,23,36,20,15,34,251,261,216,131,21,62,66,77,220,186,62,79,44,161,86,32,66,23,39,13,7,15,13
55079004300,3855530301028,131,133,210,232,51,74,0,184,106,37,1,126,160,65,52,61,89,119,42,181,37,107,29,96,237,201,70,56,8,0,25,134,139,162,132,120,104,252,71,39,53,50,134,54,51,41
55079004400,1652370132006,143,181,113,79,8,14,5,143,171,161,32,111,70,153,157,49,78,10,10,52,14,11,12,85,92,125,0,24,79,58,140,191,98,50,143,140,97,167,29,60,28,27,49,53,13,36
55079004500,1652370135006,107,97,110,78,24,0,36,19,25,51,78,64,62,73,60,18,63,14,14,16,13,17,15,92,59,46,78,66,38,0,87,53,63,82,97,91,60,34,23,21,55,7,19,13,15,29
55079004600,2203160184010,146,87,195,58,18,19,12,43,100,88,84,64,141,131,93,38,48,15,7,6,20,21,0,181,68,151,5,25,11,36,81,71,123,93,22,45,142,81,58,68,11,39,60,30,42,9
55079004700,2203160188010,158,137,177,78,45,22,36,120,210,157,4,122,59,82,186,37,71,74,24,83,57,11,17,192,86,75,0,17,0,0,126,179,178,162,72,70,166,136,17,75,13,51,110,67,44,0
55079004800,2203160192010,212,128,142,65,112,53,62,106,151,71,88,97,75,170,75,57,32,16,7,27,43,10,54,117,318,147,115,65,33,0,30,187,223,40,81,163,162,139,96,49,25,49,89,41,38,12
55079004900,1652370147006,134,203,136,108,69,45,37,71,142,87,163,153,38,117,110,35,103,41,75,60,21,18,0,131,150,145,164,105,46,87,130,124,123,110,194,156,147,255,58,137,41,67,22,19,9,1
55079005000,2203160200010,267,245,228,178,52,119,45,142,162,188,105,138,69,134,154,42,90,71,26,41,13,23,14,140,111,143,243,33,0,32,72,236,183,201,188,221,227,201,90,140,32,35,54,42,33,32
55079005100,1652370153006,44,273,117,104,76,0,0,111,144,97,154,118,74,76,100,26,93,15,43,4,45,7,7,110,21,128,23,30,0,0,121,151,159,103,139,111,156,248,38,44,33,24,75,46,41,10
55079005200,1101580104003,25,21,43,21,26,7,18,18,71,39,56,60,72,55,39,10,18,11,21,19,2,13,3,57,50,45,84,23,6,0,14,44,78,45,94,44,77,36,10,24,4,24,25,37,30,20
55079005300,1101580106003,96,84,69,20,4,0,0,58,81,49,87,35,60,71,76,22,19,32,7,0,7,21,0,97,28,46,42,6,24,13,46,97,63,93,71,47,134,44,12,49,38,4,34,7,19,29
55079005400,2203160216010,200,107,34,69,22,22,0,29,208,115,220,145,102,153,106,23,68,37,11,49,27,35,55,246,138,53,14,33,9,0,107,160,177,206,101,177,84,99,38,37,39,68,35,41,73,112
55079005500,2753950275015,258,61,42,86,47,18,8,57,122,129,174,120,96,143,111,52,33,29,33,51,32,10,6,45,150,94,120,30,17,8,5,89,93,160,117,97,96,121,68,57,40,36,49,11,19,48
55079005600,1101580112003,79,69,36,24,25,5,0,22,102,39,120,80,100,58,62,22,20,4,30,19,16,31,32,61,111,31,27,68,40,27,10,88,56,111,65,86,64,81,45,19,4,30,35,35,31,54
55079005700,1101580114003,61,57,43,60,20,17,0,29,113,165,68,160,60,71,75,25,16,21,28,22,24,22,10,64,84,83,37,30,0,0,45,133,164,96,102,95,87,64,56,42,11,9,75,15,25,2
55079005800,1652370174006,187,134,116,76,0,0,21,34,76,135,125,97,88,69,90,76,66,28,15,15,16,14,25,157,105,172,42,5,16,34,93,75,199,141,160,106,136,219,40,75,21,35,46,17,14,33
55079005900,2203160236010,142,74,99,119,63,75,6,75,125,75,74,58,158,170,100,46,9,22,2,31,5,18,0,171,147,49,111,54,42,0,39,109,140,106,183,118,87,262,54,73,27,18,10,10,22,37
55079006000,1652370180006,133,112,158,45,59,39,0,13,82,69,79,47,73,85,114,20,37,7,6,7,0,0,0,126,163,159,83,35,0,18,51,143,112,107,146,68,74,125,60,44,18,8,59,0,0,0
55079006100,1652370183006,85,109,212,92,60,17,22,39,38,48,29,61,33,61,35,23,25,15,19,24,4,9,8,40,122,78,71,66,0,21,20,31,62,114,76,38,154,39,17,33,18,28,9,20,16,26
55079006200,2203160248010,101,149,81,66,44,33,20,24,44,71,87,75,69,86,44,13,7,0,14,11,4,15,10,131,99,169,94,36,25,38,78,103,60,94,110,71,54,45,34,11,34,20,42,15,10,20
55079006300,1652370189006,162,107,104,91,42,50,11,71,46,25,69,71,86,75,48,4,7,12,23,3,14,0,19,81,70,129,61,46,16,4,41,185,66,71,97,46,73,64,31,10,3,16,27,12,1,14
55079006400,1652370192006,61,91,92,14,93,13,0,9,61,43,6,53,2,89,101,28,12,21,26,20,8,9,20,113,60,238,86,10,48,36,89,41,125,103,48,57,60,63,46,15,6,22,19,9,6,7
55079006500,2203160260010,112,86,66,85,28,0,14,38,34,32,37,49,45,44,50,50,31,6,19,4,16,27,8,84,97,125,76,19,35,24,64,73,46,57,69,62,64,84,12,29,12,5,17,53,29,26
55079006600,1652370198006,106,123,95,88,89,27,0,62,46,42,55,77,66,37,93,14,67,21,34,21,30,0,22,20,109,139,64,89,8,24,88,122,54,113,78,33,97,116,30,13,28,6,42,29,20,63
55079006700,1101580134003,68,96,64,67,2,5,0,21,44,51,12,45,32,63,21,0,20,0,0,16,0,4,0,127,57,26,28,38,33,27,13,55,40,46,41,11,54,51,2,3,0,12,13,7,0,7
55079006800,2203160272010,148,69,103,61,19,27,12,38,66,77,48,74,129,86,91,33,28,26,47,13,20,10,9,63,127,105,89,27,20,23,60,144,65,78,92,79,147,94,10,31,56,21,40,38,5,20
55079006900,1652370207006,264,243,201,104,60,8,0,34,74,64,75,23,31,47,50,7,0,34,18,19,9,0,0,171,263,237,62,30,47,54,60,181,120,87,104,85,48,61,11,25,31,8,17,8,17,4
55079007000,2203160280010,73,59,146,121,73,54,12,82,91,51,86,110,62,106,68,0,28,19,26,9,14,30,14,46,161,133,100,55,11,0,38,81,130,152,36,190,123,54,17,32,0,0,36,37,54,17
55079007100,1101580142003,34,56,29,14,20,16,6,127,179,145,117,85,43,33,63,5,37,33,7,12,5,4,4,35,44,24,50,14,34,45,124,144,81,100,55,56,45,59,21,5,8,5,0,0,14,3
55079007200,1652370216006,58,94,55,61,37,18,8,84,181,245,97,106,125,30,147,70,40,10,81,11,17,0,0,45,56,66,0,34,6,24,77,160,120,127,59,121,74,155,13,54,31,46,23,12,21,1
55079007300,1652370219006,71,0,0,25,75,238,237,150,129,64,44,0,36,13,100,11,21,20,27,9,13,0,7,0,34,0,9,104,155,120,274,216,35,74,21,20,56,96,0,34,16,30,35,0,8,8
55079007400,1101580148003,46,77,10,26,646,204,90,211,57,48,32,46,45,54,70,15,15,4,25,20,10,13,6,46,37,65,21,1022,294,173,155,45,25,26,67,22,50,60,10,15,28,19,24,5,10,21
55079007500,1652370225006,33,106,61,26,52,145,99,95,64,37,94,131,81,53,50,11,20,40,60,23,18,11,0,64,75,27,47,0,30,91,87,63,46,91,78,102,44,42,42,47,37,59,25,0,0,15
55079007600,1652370228006,18,28,34,0,19,44,126,431,454,146,99,52,66,69,46,26,46,28,31,27,60,34,99,16,0,17,9,8,20,83,273,219,45,89,61,59,26,82,24,18,61,35,37,86,89,205
55079007700,1652370231006,22,0,51,25,33,150,302,339,462,290,59,107,65,61,90,25,37,37,0,24,9,0,0,0,7,16,12,30,232,146,374,229,144,76,0,31,105,12,10,0,0,11,34,0,0,21
55079007800,1652370234006,23,19,11,26,129,284,259,487,360,227,0,110,52,64,82,17,21,19,10,32,14,10,0,34,10,18,14,92,302,267,256,44,71,34,68,43,14,34,20,9,0,37,11,12,12,17
55079007900,1101580158003,20,27,32,18,182,24,0,84,183,155,112,23,42,86,44,40,30,17,10,7,6,5,3,21,40,22,42,222,21,27,59,156,78,71,40,61,70,42,9,20,11,8,18,23,7,14
55079008000,1101580160003,69,81,28,8,11,13,29,203,167,106,51,47,72,25,51,9,21,10,0,3,0,0,0,100,50,35,8,26,11,10,138,139,91,60,38,6,30,30,20,34,12,14,7,21,0,0
55079008100,1101580162003,97,37,60,30,62,27,0,14,0,28,84,69,18,68,29,1,0,2,31,0,20,0,0,14,18,68,78,29,35,37,6,41,41,50,44,57,20,27,0,24,11,6,0,12,0,0
55079008400,1101580168003,109,51,93,56,15,0,17,34,49,4,23,52,16,41,8,6,17,10,0,15,2,0,5,29,104,51,10,0,0,6,2,104,65,53,23,26,44,41,0,15,14,4,0,6,0,14
55079008500,1101580170003,64,83,73,51,9,18,32,9,0,35,15,40,0,46,23,0,33,28,0,0,17,0,3,23,69,57,33,27,0,0,34,50,60,48,59,15,15,16,32,24,9,11,0,12,20,11
55079008600,1101580172003,24,25,37,16,27,0,5,0,29,46,23,31,21,18,15,4,7,12,0,19,0,0,0,36,53,40,37,21,0,7,16,34,44,41,48,43,24,11,44,9,0,8,9,13,3,4
55079008700,1101580174003,20,50,107,70,36,11,0,25,25,9,44,25,34,32,23,35,4,5,13,37,0,0,5,137,15,65,65,41,30,0,0,91,64,38,48,30,44,32,22,15,5,16,10,0,12,20
55079008800,1101580176003,84,90,53,0,32,0,15,78,23,7,18,48,77,21,63,42,29,5,12,10,5,0,0,77,108,114,57,5,8,8,36,123,61,65,74,32,111,79,20,5,27,28,50,20,6,11
55079008900,1101580178003,37,41,73,58,12,0,3,9,62,43,29,10,32,14,38,11,29,6,19,0,0,0,0,22,49,23,26,35,0,9,10,72,12,44,47,41,37,39,25,7,11,0,11,0,0,0
55079009000,1652370270006,144,193,128,76,42,30,25,16,58,115,6,38,88,16,78,15,40,6,23,0,1,0,5,256,98,145,48,20,42,12,63,161,126,57,55,76,82,81,8,20,38,0,4,20,21,15
55079009100,1652370273006,70,128,95,46,49,0,7,54,9,51,53,58,97,96,52,22,21,22,20,10,7,0,0,171,109,87,23,25,44,19,23,82,142,48,53,37,118,118,37,33,10,16,10,4,13,4
55079009200,1101580184003,53,97,39,97,6,14,34,65,140,45,83,82,34,33,45,26,38,10,22,9,6,0,0,87,32,46,33,10,18,18,49,107,76,71,60,52,84,78,38,0,19,19,11,0,10,0
55079009300,1652370279006,171,79,47,41,49,12,48,23,94,82,63,76,89,104,90,11,16,0,15,17,7,0,29,40,107,67,63,53,0,51,49,94,75,124,175,81,131,107,36,28,18,39,12,0,22,25
55079009400,1652370282006,110,80,93,52,37,0,7,15,153,119,153,90,143,110,52,27,24,36,29,15,29,11,0,97,132,136,42,0,6,0,42,204,204,91,137,62,127,28,65,30,18,63,0,13,0,15
55079009500,1652370285006,42,69,35,36,38,21,5,63,125,103,95,45,63,71,78,50,20,19,11,54,11,11,0,72,44,71,17,9,27,12,38,100,117,48,72,74,56,127,29,37,38,25,20,13,6,27
55079009600,1101580192003,41,61,200,97,16,8,26,15,47,83,56,116,42,102,47,1,14,9,20,0,4,0,0,107,209,79,76,42,0,0,19,82,125,43,67,57,21,78,14,0,10,0,9,6,32,0
55079009700,1101580194003,15,57,110,77,35,11,20,57,20,26,36,0,9,62,20,36,72,15,0,0,0,0,15,103,32,130,101,22,8,31,55,43,58,90,53,49,82,0,0,48,0,0,0,20,11,0
55079009800,550790098001,68,73,104,15,3,8,17,60,45,51,26,24,13,67,45,21,15,6,16,0,0,0,0,115,54,77,37,37,11,16,103,59,74,17,36,46,27,37,22,12,0,19,9,0,11,0
55079009900,1101580198003,50,54,91,20,46,4,8,27,45,13,12,21,31,18,21,45,6,2,21,8,2,0,0,85,58,53,38,21,30,12,18,38,60,15,57,44,8,46,40,21,3,0,10,5,0,4
55079010600,1101580212003,15,27,43,37,1,0,20,50,58,69,99,9,43,13,54,6,14,6,9,7,3,0,0,65,66,55,29,10,0,10,40,58,111,50,22,13,59,64,12,5,0,5,0,11,0,13
55079010700,1101580214003,40,94,50,32,0,56,20,108,221,158,154,32,130,50,21,48,20,9,0,22,0,0,0,98,46,0,22,0,68,47,126,242,227,81,75,82,21,45,24,18,17,16,0,11,0,0
55079010800,1101580216003,24,0,20,1,42,23,49,189,455,202,53,34,24,54,83,30,0,0,18,6,2,0,11,0,0,0,21,91,21,36,271,245,126,57,15,50,58,46,26,0,34,0,44,29,8,0
55079011000,1101580220003,0,0,0,0,0,36,24,179,513,127,58,26,108,97,100,53,52,30,106,16,6,12,0,93,0,0,19,34,15,26,221,381,112,63,47,106,20,73,43,40,30,41,108,24,0,11
55079011100,1101580222003,9,4,0,0,0,15,0,147,267,63,28,50,33,64,27,15,35,4,19,17,13,0,0,5,24,9,4,45,20,25,157,222,97,7,18,26,26,25,4,30,6,0,10,0,9,8
55079011200,1101580224003,52,0,0,0,10,0,83,137,504,181,89,18,80,110,82,20,18,31,0,8,0,0,0,0,33,0,0,0,0,19,86,310,106,42,6,33,24,48,8,7,18,0,42,16,32,0
55079011300,1101580226003,0,0,0,9,212,46,16,51,137,110,43,56,20,33,50,17,17,7,8,31,25,26,24,0,0,0,0,66,34,27,18,160,53,9,8,17,70,58,27,0,32,24,92,104,48,9
55079011400,550790114001,0,10,4,4,0,0,10,60,239,142,49,22,15,78,15,20,31,5,5,7,19,10,0,8,4,0,0,0,0,0,99,291,71,29,0,24,41,35,19,19,0,11,0,5,8,0
55079012200,1652370366006,157,134,109,24,29,7,53,68,149,66,31,15,79,12,67,37,35,10,17,0,15,0,0,172,68,112,75,40,21,31,55,118,124,68,96,54,71,26,31,16,10,32,0,12,9,0
55079012300,550790123001,45,5,42,53,22,15,4,24,45,18,19,52,39,29,25,0,17,11,0,6,7,0,0,42,31,44,19,17,15,5,28,54,24,30,46,45,49,23,11,5,0,8,32,0,9,2
55079012400,1101580248003,151,85,20,53,25,73,55,64,88,119,19,113,97,68,69,16,87,29,5,14,7,8,0,168,84,61,17,14,0,20,102,210,115,118,13,152,145,119,35,70,25,13,30,14,16,30
55079012500,1101580250003,60,52,91,10,14,0,17,13,107,100,75,73,33,59,85,41,37,32,57,45,8,9,10,92,70,38,28,13,22,8,21,117,96,75,53,60,72,65,19,60,20,38,43,21,4,37
55079012600,1652370378006,77,121,65,25,11,0,10,41,195,128,53,44,48,54,146,11,59,8,33,68,1,17,0,84,34,29,9,28,12,10,47,160,87,111,76,50,113,121,27,29,9,49,58,32,14,3
55079012700,550790127001,27,26,23,9,54,43,8,3,77,50,42,48,28,46,11,15,22,14,13,6,10,7,7,64,15,54,8,27,16,0,19,35,54,74,31,33,31,23,10,27,10,14,19,15,8,22
55079012800,1101580256003,119,38,19,60,201,52,35,115,207,135,30,56,84,72,69,29,17,21,7,19,4,12,8,47,96,13,33,254,72,68,96,265,118,90,27,126,123,41,48,25,8,17,31,45,21,44
55079012900,1652370387006,106,130,21,39,14,15,69,16,79,227,111,164,100,128,125,44,56,2,36,18,21,10,0,122,90,79,126,25,0,0,26,232,150,107,54,77,109,87,51,33,13,73,27,15,39,23
55079013000,1101580260003,61,94,37,25,6,15,0,23,49,105,79,108,101,66,39,23,10,9,35,25,18,4,0,73,58,67,58,46,3,18,27,66,117,44,73,47,15,66,6,25,8,14,4,33,18,14
55079013300,550790133001,37,52,31,40,0,5,0,18,43,83,16,30,47,43,69,12,4,14,12,16,0,0,0,51,34,32,9,3,12,10,3,53,52,52,22,23,29,9,5,29,2,4,8,3,5,4
55079013400,1652370402006,88,26,128,110,49,0,0,61,74,90,78,14,57,23,89,62,71,16,51,0,24,0,0,151,98,142,21,14,30,44,61,63,71,0,123,82,109,81,28,33,30,0,9,8,0,1
55079013500,1101580270003,92,47,0,73,11,16,0,116,21,43,78,25,53,47,127,11,65,3,63,0,0,0,0,152,84,63,7,23,12,49,84,94,32,80,35,63,40,142,34,11,30,6,22,0,0,0
55079013600,1101580272003,148,0,84,42,35,29,21,48,100,95,32,137,49,75,90,31,57,0,48,17,5,19,5,119,1,26,28,1,10,18,81,88,22,116,50,89,116,68,34,47,28,41,38,12,0,65
55079013700,1101580274003,103,80,49,44,27,12,25,95,69,66,30,23,33,94,66,5,20,0,10,6,0,5,6,76,60,20,15,26,22,13,98,71,39,18,51,77,59,31,12,11,1,0,4,24,0,0
55079014100,550790141001,15,106,65,47,21,7,30,76,77,30,43,20,14,2,12,0,3,3,0,7,14,0,0,114,45,36,20,0,6,8,105,136,87,70,44,81,32,57,12,15,1,22,17,9,0,3
55079014300,1101580286003,48,8,0,0,0,0,28,139,306,203,47,39,52,89,97,17,52,22,52,71,14,30,22,29,0,0,0,0,0,30,118,307,113,75,26,54,49,59,40,56,49,21,92,38,13,13
55079014400,1101580288003,6,6,0,0,236,109,93,154,362,201,80,38,70,66,13,9,21,7,0,0,30,0,13,13,17,0,0,119,27,3,245,411,138,72,66,15,98,31,6,76,8,9,0,10,17,20
55079014600,1101580292003,187,0,0,4,721,353,174,138,124,57,39,30,54,49,47,4,3,5,0,4,11,10,4,34,0,0,11,958,173,303,236,71,10,0,17,58,19,66,0,0,15,0,0,5,11,14
55079014700,1101580294003,193,33,0,0,319,254,359,229,68,9,15,14,17,37,7,0,0,0,0,0,0,0,0,123,29,0,7,122,183,485,358,117,28,15,41,24,43,8,0,0,0,0,19,0,0,0
55079014800,1101580296003,8,4,4,0,163,112,42,64,158,19,88,33,14,36,55,42,30,26,13,13,5,0,0,55,5,62,0,210,122,69,47,151,30,10,53,32,14,117,12,17,29,9,0,0,0,0
55079014900,1101580298003,0,19,38,32,0,40,72,117,74,46,45,10,5,17,60,31,43,0,0,6,14,8,6,91,51,45,35,15,97,98,118,89,26,0,71,19,23,38,22,20,0,0,16,3,0,0
55079015700,2203160628010,222,158,115,31,46,19,45,16,131,126,114,128,111,86,43,10,20,5,5,28,11,37,7,139,165,88,135,31,0,53,97,138,61,100,108,69,133,42,16,20,19,31,11,0,35,12
55079015800,1652370474006,118,118,75,81,48,62,1,57,96,154,98,65,79,86,85,12,20,0,5,0,10,0,0,132,170,96,57,55,12,47,17,67,147,112,91,61,90,71,21,0,0,30,19,11,0,20
55079015900,1652370477006,215,137,145,22,12,48,9,74,181,154,160,141,27,150,170,16,13,44,57,16,9,0,40,231,274,213,32,48,9,16,130,141,176,100,63,106,47,73,18,43,59,26,0,0,39,12
55079016000,1101580320003,263,166,180,81,106,57,22,46,124,75,143,80,83,65,49,55,32,49,33,19,0,8,45,163,184,131,58,21,9,23,63,117,111,152,108,160,95,39,17,31,16,0,8,0,15,21
55079016100,1652370483006,142,141,255,139,66,58,35,61,78,201,170,116,92,113,54,19,51,23,0,14,33,25,7,182,201,225,119,44,13,16,62,82,137,146,130,109,74,37,42,14,0,47,51,17,6,10
55079016200,1652370486006,63,152,117,101,78,41,55,59,105,72,86,124,87,60,84,6,44,3,11,17,17,4,10,119,90,149,178,48,10,20,30,72,184,110,89,87,117,73,23,51,10,48,45,37,21,81
55079016300,2203160652010,222,281,208,161,45,28,0,69,274,198,219,59,232,183,24,45,10,16,8,39,14,0,9,355,250,203,83,64,10,0,68,183,183,211,165,144,126,77,18,65,0,45,58,31,0,32
55079016400,2203160656010,328,159,184,227,40,32,71,148,165,77,264,179,161,88,60,53,21,46,10,12,17,11,0,292,328,195,105,82,9,38,102,102,121,179,157,97,83,47,37,28,0,0,57,22,14,0
55079016500,1652370495006,102,96,115,117,35,5,7,57,53,44,68,90,143,59,15,11,5,5,43,26,0,15,0,66,79,73,61,50,30,0,33,71,57,108,101,95,73,40,5,16,0,33,36,19,6,6
55079016600,1101580332003,53,86,51,42,29,0,10,61,100,109,76,93,111,104,51,14,11,0,5,8,14,16,17,71,42,133,51,19,31,7,68,140,92,56,37,39,40,49,12,7,3,6,20,19,0,11
55079016700,1652370501006,171,146,285,170,39,39,56,132,108,91,209,189,78,57,79,18,37,12,0,7,1,0,0,80,330,106,28,40,20,64,61,107,193,119,100,44,60,41,8,41,19,0,34,6,16,8
55079016800,1652370504006,191,218,161,77,34,14,5,130,97,105,138,125,67,103,88,10,27,7,19,21,8,0,0,142,171,197,86,48,10,52,69,139,130,240,109,95,65,23,10,28,9,23,43,0,15,7
55079016900,1652370507006,153,228,77,103,22,29,0,16,259,53,100,134,107,141,119,54,34,31,25,67,0,0,0,227,162,192,73,67,87,9,89,243,41,141,78,136,38,180,63,31,26,77,94,110,37,40
55079017000,2753950850015,348,336,432,209,153,0,71,49,303,300,140,200,165,216,84,27,80,14,60,71,32,0,12,240,274,210,93,73,74,0,89,109,220,365,137,188,118,120,17,79,22,72,71,33,20,22
55079017100,1101580342003,133,167,82,134,52,16,0,68,159,158,89,115,91,66,57,19,6,4,7,16,12,0,4,137,113,159,42,57,10,10,85,105,130,124,82,39,102,80,26,16,28,0,24,16,15,22
55079017200,1101580344003,153,150,182,68,27,0,34,40,80,69,104,122,64,76,76,21,30,19,20,25,0,0,5,85,99,172,26,27,30,71,43,73,134,103,85,73,55,63,38,55,34,16,25,12,17,8
55079017300,1652370519006,156,244,222,86,130,41,16,95,119,333,123,127,157,53,75,25,22,6,17,14,14,0,15,223,113,274,224,96,35,16,60,165,93,230,91,92,142,77,0,31,25,0,7,0,15,17
55079017400,1101580348003,295,201,62,99,39,17,32,140,134,110,135,52,91,93,31,36,18,17,16,29,0,19,1,204,164,136,84,50,24,26,70,73,145,92,95,113,64,9,19,13,2,24,14,4,0,12
55079017500,2203160700010,150,307,149,165,65,45,22,160,61,193,95,150,108,134,108,17,18,29,10,34,20,0,0,201,160,175,58,62,7,29,104,149,145,80,162,173,41,100,0,33,0,11,32,8,38,23
55079017600,1101580352003,147,112,139,140,24,19,5,59,115,102,176,115,101,91,58,35,20,10,18,0,7,0,11,163,136,165,50,39,24,7,36,108,76,182,96,65,83,31,11,9,53,0,23,0,5,20
55079017900,2203160716010,85,113,8,34,10,48,11,13,157,206,179,83,104,115,91,34,29,34,19,13,16,6,0,43,56,74,37,49,12,14,82,289,248,172,103,96,69,61,41,20,12,21,58,0,9,70
55079018000,550790180001,44,34,77,63,30,0,16,40,211,316,88,111,93,104,106,31,15,11,20,37,41,0,11,32,31,36,35,9,0,8,68,334,198,117,95,101,51,61,7,7,16,7,34,30,21,24
55079018100,1101580362003,32,44,15,2,0,0,0,56,83,107,54,54,42,55,37,45,40,33,54,28,0,9,4,29,24,41,15,18,4,0,57,104,82,44,68,69,47,67,40,52,54,24,39,11,5,39
55079018200,1101580364003,56,44,12,6,0,0,4,13,60,127,90,51,60,43,56,10,67,33,17,13,22,7,0,101,50,41,20,0,6,0,10,111,118,47,63,59,45,75,51,47,24,0,61,19,7,12
55079018300,1652370549006,65,49,83,18,42,0,0,63,44,91,146,67,49,82,97,29,57,21,14,28,0,28,0,27,139,102,46,0,0,0,54,152,141,143,55,82,65,109,17,42,27,0,19,76,0,21
55079018400,1101580368003,111,19,33,10,36,6,0,4,47,96,116,29,26,76,60,10,26,11,20,4,10,18,0,48,55,23,0,4,0,0,5,53,100,79,54,13,45,80,31,11,5,9,19,14,5,10
55079018500,1101580370003,49,105,62,29,36,0,17,17,55,91,119,37,77,64,46,13,12,33,13,23,9,30,18,94,95,41,58,16,20,14,23,57,119,32,60,75,44,57,5,34,23,27,5,22,12,20
55079018600,1652370558006,142,194,132,90,20,37,21,62,165,130,92,92,48,81,58,29,28,9,0,12,0,18,0,157,158,203,35,8,15,31,32,165,206,103,34,64,44,68,27,6,15,10,12,12,12,14
55079018700,1652370561006,240,221,149,78,74,18,17,9,46,73,97,133,175,122,50,49,45,16,26,19,9,25,0,168,217,16,159,22,31,47,186,119,122,131,171,66,102,128,19,25,16,3,24,0,76,18
55079018800,1101580376003,204,162,102,47,12,61,7,12,63,87,119,71,68,63,75,0,10,14,18,0,17,0,4,116,175,15,42,51,12,51,73,137,67,74,43,86,26,32,18,36,11,0,11,10,12,5
55079018900,550790189001,51,60,176,55,0,0,10,67,43,84,110,43,69,33,43,13,24,3,0,10,6,4,26,36,108,193,50,9,23,34,9,39,142,59,77,96,22,45,17,8,17,5,5,0,4,0
55079019000,2753950950015,211,213,129,51,55,36,12,143,237,273,218,86,184,116,150,16,85,25,44,39,30,51,48,193,158,139,104,22,7,52,54,302,132,170,134,184,160,183,26,77,61,41,62,58,32,85
55079019100,1652370573006,120,197,74,58,44,15,8,41,148,84,64,147,76,76,226,26,49,13,45,35,22,47,2,80,80,119,51,117,43,73,57,172,125,114,189,88,106,143,37,78,30,16,107,32,35,100
55079019200,2203160768010,98,129,68,19,65,2,19,56,133,102,50,142,74,129,90,31,151,8,14,35,35,10,20,140,110,88,25,27,10,34,54,148,88,110,115,54,163,116,50,77,17,48,30,20,58,98
55079019300,2203160772010,139,40,19,52,11,13,22,50,94,167,113,123,61,94,78,28,68,50,30,8,24,36,25,114,37,96,83,31,25,15,0,70,132,74,135,74,107,116,54,53,18,19,43,12,38,64
55079019400,1101580388003,211,220,75,50,0,0,0,44,101,183,113,119,160,175,105,94,8,22,60,20,49,27,25,55,72,38,37,34,0,28,50,184,220,125,84,123,152,196,58,71,27,80,107,56,106,16
55079019500,1101580390003,183,51,147,50,86,0,7,72,131,159,130,107,86,91,119,26,83,14,7,63,59,77,16,121,123,144,105,71,14,26,92,40,186,115,87,84,146,85,15,110,28,34,51,49,37,25
55079019600,2203160784010,69,63,31,52,0,14,0,36,231,117,119,198,82,173,156,38,38,44,45,74,31,74,81,54,96,97,56,0,0,31,24,69,130,84,106,124,127,113,54,44,60,77,62,99,43,117
55079019700,2203160788010,202,218,127,61,40,26,0,93,322,177,153,154,222,153,289,50,113,21,28,55,57,75,46,203,161,175,82,39,52,36,175,276,162,197,220,161,229,213,18,111,14,34,76,130,81,101
55079019800,2753950990015,276,193,240,20,35,0,69,61,385,245,173,105,88,135,259,55,116,28,104,89,33,10,48,137,244,125,24,25,34,23,26,318,324,164,222,154,87,318,78,119,53,98,93,32,50,128
55079019900,2753950995015,161,266,107,37,3,7,4,11,129,105,179,204,45,141,160,1,62,32,19,29,15,83,75,225,55,202,25,47,8,14,25,297,233,118,71,92,121,123,26,47,26,28,54,70,91,80
55079020000,1101580400003,179,133,40,16,62,30,41,104,162,234,104,129,81,71,76,38,55,32,34,18,23,27,3,178,219,83,29,18,55,28,64,169,129,122,109,73,71,135,25,53,106,52,28,57,60,27
55079020100,1652370603006,136,86,118,126,46,63,62,66,76,112,106,94,93,113,100,13,19,54,8,24,45,15,14,134,116,69,79,80,0,0,93,88,146,97,122,120,154,144,43,34,54,37,80,97,41,200
55079020200,1652370606006,179,128,65,78,66,4,4,29,167,131,79,95,50,160,130,28,53,31,26,10,0,15,10,193,73,142,92,22,4,76,33,126,126,142,64,93,111,109,11,103,17,10,31,52,16,20
55079020300,1101580406003,149,163,202,120,9,47,40,75,118,167,136,138,101,115,64,39,34,58,9,50,23,1,37,152,136,133,103,15,74,0,77,151,258,152,152,59,120,106,52,52,35,35,55,50,31,75
55079020400,1652370612006,134,112,140,56,29,47,4,47,142,164,148,180,149,133,66,50,30,10,12,7,9,0,31,80,208,208,68,73,0,26,56,92,135,176,92,87,76,52,3,25,7,79,24,23,29,7
55079020500,1652370615006,66,179,172,47,61,10,44,69,100,120,112,56,126,86,107,14,10,27,28,9,0,10,10,253,128,112,66,10,39,45,47,116,135,86,144,81,207,96,0,33,20,0,49,5,29,20
55079020600,1101580412003,163,103,50,31,20,0,11,20,145,162,75,294,190,85,159,22,19,39,29,30,38,23,67,118,114,57,74,20,0,0,51,191,164,103,107,164,138,115,31,86,15,36,22,57,59,56
55079020700,3304741242021,105,95,80,22,13,23,14,76,142,278,212,193,156,146,138,96,70,14,33,94,32,24,52,167,175,26,30,10,12,12,25,243,278,179,85,98,124,176,60,112,3,84,87,60,31,67
55079020800,2753951040015,72,60,46,51,11,9,9,31,114,105,197,186,102,194,139,32,48,24,0,40,2,8,12,50,138,63,26,9,10,9,44,162,177,145,139,83,167,118,55,103,16,32,26,26,48,46
55079020900,1652370627006,39,132,181,57,31,0,12,38,93,140,114,82,119,54,91,17,67,0,43,12,7,22,31,62,44,179,48,37,0,0,28,84,181,100,91,183,86,100,30,20,11,24,41,50,27,20
55079021000,1101580420003,66,76,47,31,31,0,11,5,68,81,86,93,106,86,75,20,47,17,37,42,13,9,0,65,79,70,44,12,26,8,10,102,83,119,97,54,71,122,4,72,13,30,67,16,32,35
55079021100,550790211001,36,27,79,33,0,6,7,25,43,116,30,39,41,60,58,9,35,11,12,22,0,23,12,19,35,39,35,19,4,11,12,35,65,47,70,39,56,97,25,9,17,18,20,11,13,5
55079021200,1101580424003,97,54,117,51,9,5,0,16,105,78,38,66,49,130,64,27,59,19,50,38,19,7,19,123,72,50,29,25,7,13,15,149,67,37,57,103,62,89,60,18,12,48,25,60,10,33
55079021300,550790213001,33,66,15,16,6,4,1,22,88,46,48,27,57,53,29,12,18,14,32,20,53,20,46,41,36,58,32,7,0,9,9,35,153,38,28,16,40,42,11,29,39,25,39,59,34,131
55079021400,1101580428003,137,142,136,41,42,0,40,26,122,215,108,83,63,111,110,45,51,32,21,9,15,46,17,304,149,79,45,25,34,6,95,181,221,39,75,113,134,119,0,20,0,51,77,8,23,78
55079021500,1652370645006,79,85,128,61,73,11,0,5,78,98,124,87,169,67,87,54,40,25,36,30,59,52,34,76,110,147,90,20,22,16,0,35,102,98,116,61,116,84,64,45,34,17,64,76,77,28
55079021600,1101580432003,132,223,178,136,78,22,17,85,87,297,124,172,187,173,167,39,0,26,26,75,46,49,26,159,211,202,216,37,27,33,70,75,230,180,131,158,171,96,62,26,55,95,58,58,41,55
55079021700,2753951085015,262,181,283,102,19,8,9,129,293,133,280,183,178,237,162,58,206,118,149,98,77,68,50,170,234,151,76,53,48,40,85,367,86,291,186,185,181,224,206,62,58,78,156,127,24,71
55079021800,1652370654006,154,104,60,39,19,13,20,60,70,92,68,77,69,106,91,41,11,37,19,20,34,29,22,47,107,48,36,11,15,11,13,134,94,48,65,57,69,99,54,12,19,39,33,64,17,52
55079030100,1652370903006,109,185,133,41,15,0,0,24,91,158,86,121,154,162,170,86,58,37,102,138,142,32,40,204,91,159,95,30,7,13,46,56,172,64,158,140,155,180,65,92,89,98,133,75,109,88
55079035100,1652371053006,105,94,136,45,9,10,4,0,27,44,26,76,104,119,113,45,36,20,22,66,23,14,36,93,68,36,61,9,5,0,8,23,42,68,97,107,109,133,45,26,26,56,27,44,23,17
55079035200,2203161408010,173,113,113,78,54,53,13,30,78,98,175,152,159,131,154,46,93,122,61,82,77,55,83,133,179,76,65,44,26,6,38,94,91,132,153,171,184,126,49,82,96,77,95,102,83,103
55079040100,550790401001,33,43,62,50,10,36,4,27,37,10,25,33,50,82,55,25,23,23,45,55,24,10,18,64,33,41,30,7,0,5,3,32,20,41,66,41,93,65,27,25,29,52,30,23,23,18
55079050101,2203162004050,252,55,198,142,31,14,42,86,237,116,198,252,175,145,221,156,154,59,92,121,32,60,26,163,281,259,77,135,15,0,132,163,173,166,270,193,221,242,62,36,77,106,108,80,77,65
55079050102,2753952505115,157,184,145,75,115,0,24,31,107,140,114,166,252,207,180,39,213,78,128,75,75,89,122,94,57,300,88,25,29,20,49,298,218,299,161,263,193,236,144,230,73,117,254,78,122,46
55079060101,1652371803036,94,99,85,65,24,43,18,123,105,64,155,74,111,135,71,35,97,76,58,64,50,38,51,122,85,30,112,109,9,114,117,145,152,128,101,116,173,114,88,108,54,40,61,85,80,92
55079060102,1101581202043,104,53,60,88,44,11,0,15,64,92,27,96,113,88,187,82,33,20,44,94,64,27,55,88,67,98,57,21,11,8,103,106,105,19,91,122,174,162,54,12,28,91,113,21,83,55
55079060200,2753953010015,101,136,185,124,109,56,14,0,144,466,71,129,173,242,140,83,80,14,119,96,111,46,141,147,64,143,62,0,0,81,40,180,182,46,222,178,239,194,148,128,108,41,207,128,130,312
55079070100,2753953505015,144,216,268,95,25,6,14,22,21,84,141,235,167,158,143,30,77,59,91,25,35,17,35,155,157,296,225,31,24,17,23,27,95,160,247,156,217,137,61,84,69,33,68,30,28,77
55079070200,2753953510015,173,230,199,203,95,0,0,17,62,53,153,226,195,174,231,56,124,43,83,31,52,61,40,123,228,181,109,32,14,8,32,30,64,126,239,234,165,283,85,98,51,47,60,88,48,22
55079070300,2753953515015,206,179,162,48,68,18,12,18,154,212,211,164,143,157,120,48,40,18,24,40,43,18,53,158,216,135,81,27,12,0,36,215,203,270,115,141,173,157,62,72,88,83,50,86,50,109
55079080100,1652372403006,38,86,90,73,13,0,5,65,88,156,84,147,106,89,74,15,26,29,37,22,23,25,0,154,79,60,56,37,6,0,50,102,101,65,135,86,61,130,59,21,40,43,11,34,0,55
55079080200,1652372406006,66,86,80,56,11,0,0,29,262,232,132,110,84,51,141,54,48,36,51,23,0,12,0,164,143,129,103,34,7,2,60,292,116,111,119,107,205,106,38,88,50,29,43,48,18,9
55079080300,2753954015015,140,95,146,79,74,35,37,21,64,67,123,120,176,136,108,79,56,56,49,103,32,9,8,139,157,161,162,11,0,25,36,92,135,90,162,150,139,153,50,90,30,75,106,34,10,60
55079080400,1652372412006,38,47,65,18,29,72,66,115,227,179,58,73,43,63,109,48,32,34,34,21,49,60,7,16,21,75,27,14,8,61,137,251,132,94,64,73,112,102,51,63,43,30,102,67,60,69
55079090100,1652372703006,167,88,157,69,33,0,0,83,139,153,162,124,105,91,151,49,108,42,57,28,64,59,124,112,92,62,51,40,14,0,85,128,178,167,141,134,70,257,57,151,7,52,75,111,153,365
55079090200,1101581804003,75,27,59,35,41,10,9,14,53,81,50,67,58,89,57,52,36,20,12,16,16,16,47,74,49,65,25,11,0,0,13,82,99,42,54,75,66,73,36,17,2,28,28,33,56,70
55079090300,1101581806003,105,48,101,63,50,0,9,36,184,215,88,57,103,115,81,0,51,27,14,52,36,51,31,124,126,74,25,35,0,9,126,133,207,105,91,114,93,107,35,42,25,133,82,72,49,37
55079090600,2203163624010,195,22,97,123,62,12,0,49,472,160,206,78,74,69,147,78,90,45,151,29,39,74,203,112,153,116,56,0,0,0,56,174,135,174,114,103,108,123,62,118,82,50,6,98,123,273
55079090700,1652372721006,156,126,153,59,46,0,0,14,81,137,120,104,76,116,67,86,42,41,85,25,26,16,19,197,57,165,34,14,3,0,41,85,133,103,122,144,99,119,70,78,42,52,43,31,0,51
55079090800,1652372724006,119,55,93,25,9,0,6,31,90,83,116,34,74,88,87,38,48,10,30,8,0,30,15,96,64,87,29,8,0,9,27,111,123,59,27,137,60,146,32,48,35,20,80,30,32,9
55079090900,2203163636010,107,138,117,47,54,14,4,31,191,252,180,139,149,69,75,60,31,8,22,36,31,11,29,125,108,89,66,29,14,8,61,294,241,144,119,138,121,139,10,85,73,31,52,26,58,98
55079091000,3304745460021,236,286,89,18,27,10,0,70,235,276,183,241,163,87,147,38,43,7,14,48,14,58,21,237,147,227,31,34,0,0,86,243,298,181,162,122,174,196,43,55,33,40,68,23,3,16
55079091100,2203163644010,213,156,215,132,100,0,0,21,129,153,74,191,180,111,196,85,79,41,49,69,17,33,25,141,66,157,123,7,7,7,24,125,220,73,146,160,194,145,50,119,90,70,44,55,40,29
55079091200,2203163648010,106,115,117,81,27,15,16,158,381,278,226,89,61,129,135,59,14,116,47,62,30,0,75,115,114,90,16,0,0,1,130,343,280,106,181,97,56,277,50,97,62,15,59,17,48,195
55079091300,2203163652010,166,122,61,71,16,0,4,78,84,112,87,97,90,115,107,52,94,27,50,76,17,19,27,93,102,81,43,39,165,50,63,84,130,145,65,76,134,222,61,98,52,60,40,47,71,141
55079091400,1101581828003,71,60,62,62,31,4,8,17,57,43,88,79,72,99,78,39,38,18,16,39,19,8,8,61,80,73,40,24,26,0,28,126,94,131,114,44,115,73,24,37,22,4,38,13,0,23
55079100100,2203164004010,101,156,101,43,64,22,36,62,163,216,154,89,78,131,240,36,80,54,16,13,26,8,9,127,130,58,55,24,39,0,82,181,206,87,90,120,126,154,43,26,36,17,79,16,9,52
55079100200,2203164008010,106,95,116,126,19,53,0,68,304,224,69,217,47,168,159,100,54,7,59,29,11,5,21,113,119,81,29,35,28,15,142,151,209,104,176,144,134,89,102,81,47,23,47,47,23,74
55079100300,1101582006003,61,35,80,24,21,5,19,108,188,81,125,84,82,55,139,38,66,42,24,32,27,46,30,74,158,64,19,73,0,6,53,140,89,63,72,90,53,102,17,7,26,0,26,16,64,93
55079100400,1652373012006,86,131,37,16,0,9,13,31,222,202,96,42,59,76,151,21,31,9,31,37,27,16,35,164,27,86,24,41,0,0,6,209,121,110,51,24,98,90,37,44,49,31,60,29,43,81
55079100500,2203164020010,116,93,66,81,36,0,9,74,151,184,144,166,95,111,59,95,40,44,68,67,6,20,19,106,64,136,67,29,20,34,65,138,210,127,63,86,224,88,29,51,43,11,29,53,57,122
55079100600,1101582012003,70,134,8,28,29,17,12,27,50,114,78,82,88,53,125,26,58,38,21,36,12,7,13,42,60,60,51,27,2,6,19,94,89,51,71,90,110,108,36,32,12,22,17,24,45,19
55079100700,2203164028010,98,169,86,43,0,53,27,38,134,160,88,98,112,149,72,31,23,66,18,38,29,38,0,29,88,100,18,6,7,0,24,77,127,122,103,102,89,108,25,57,29,24,58,30,39,28
55079100800,1101582016003,74,141,93,52,11,0,0,29,122,152,113,83,67,118,129,7,85,10,27,29,28,84,36,41,90,65,26,20,0,11,15,126,144,81,43,68,97,124,35,80,54,45,28,87,41,67
55079100900,1652373027006,71,69,157,32,19,27,39,81,126,134,217,98,84,135,80,54,82,40,19,27,8,47,9,104,102,77,28,25,16,35,79,200,274,152,88,48,147,165,31,96,32,42,68,62,94,50
55079101000,1652373030006,119,220,44,17,73,0,17,249,316,131,107,148,136,197,172,27,67,63,35,68,42,16,43,202,125,196,39,21,91,24,252,302,82,77,174,226,154,153,100,82,14,105,128,34,102,95
55079101100,1101582022003,7,41,46,6,21,8,23,45,103,83,58,54,72,91,79,30,56,32,25,23,26,11,5,53,18,21,43,21,4,28,31,66,68,52,35,73,61,75,37,45,12,36,37,22,15,5
55079101200,2203164048010,80,52,65,31,50,14,26,45,106,102,72,63,77,112,54,94,14,13,33,50,52,45,93,80,49,82,122,49,0,15,42,92,105,87,122,159,122,64,45,50,42,37,41,76,79,333
55079101300,2203164052010,157,46,69,40,26,0,0,26,112,132,81,111,112,136,164,15,54,56,0,46,52,30,16,50,104,86,90,8,31,32,53,147,138,11,161,76,111,116,54,50,38,23,81,52,40,46
55079101400,2203164056010,148,204,88,64,21,6,0,5,165,147,153,140,160,102,196,0,144,31,25,36,46,18,12,86,113,94,27,13,0,0,53,194,147,104,84,124,124,119,29,86,33,50,64,69,20,66
55079101500,2203164060010,199,230,137,76,30,54,41,137,301,221,188,148,249,156,158,57,38,13,81,58,34,0,7,104,164,107,40,75,31,24,58,161,232,181,128,135,111,154,24,129,68,39,88,7,31,9
55079101600,2753955080015,60,127,253,36,36,12,0,3,175,221,142,300,142,139,175,64,20,7,56,63,60,43,53,200,76,104,39,26,35,63,108,186,161,200,160,202,173,214,28,86,41,47,70,120,86,74
55079101700,2203164068010,196,79,105,134,10,25,12,12,93,154,82,139,92,89,123,61,61,27,26,54,9,47,1,100,152,102,70,8,23,10,35,200,149,121,70,91,155,153,17,86,35,17,26,37,23,9
55079101800,1652373054006,68,7,67,56,17,36,9,8,154,83,31,36,61,107,64,33,65,36,60,33,12,32,22,136,9,77,25,0,0,0,39,163,47,87,46,70,75,125,43,68,77,56,116,50,41,102
55079110100,1652373303006,105,50,216,56,171,35,20,95,147,223,129,135,168,125,93,62,105,53,35,15,22,23,22,113,190,122,73,0,56,33,161,102,197,206,79,135,117,117,96,69,47,29,65,40,28,34
55079120101,1101582402023,72,93,100,45,27,20,53,89,265,53,65,184,96,96,257,46,103,33,41,77,57,54,37,51,117,67,78,11,13,32,84,145,135,63,151,166,140,172,56,32,75,34,152,81,118,115
55079120102,1652373603066,45,141,97,76,13,0,0,57,180,86,85,107,126,93,181,80,78,39,50,130,54,31,79,132,31,114,38,28,0,44,40,183,76,94,82,83,134,212,74,51,84,64,108,58,115,182
55079120201,1652373606036,46,62,138,52,8,0,23,60,189,129,47,100,147,139,138,56,69,67,75,78,31,67,39,53,40,75,49,0,7,29,52,141,94,62,84,92,111,180,50,117,80,76,94,29,150,176
55079120202,1652373606066,96,130,56,47,20,25,6,56,89,117,60,116,154,115,121,48,75,38,9,41,36,54,53,100,41,17,41,19,11,33,35,169,48,148,76,152,169,135,0,76,96,13,71,49,132,48
55079120203,1652373606096,134,36,14,81,54,16,11,36,301,200,65,49,58,120,127,38,51,80,50,44,22,28,44,112,117,94,15,26,13,0,82,194,202,45,54,102,102,154,49,122,43,30,81,97,55,51
55079120300,550791203001,128,84,63,23,24,9,16,50,110,53,59,58,72,67,43,65,23,10,13,17,48,22,5,122,58,48,31,13,11,0,32,75,99,77,62,38,61,121,37,26,5,18,23,45,16,34
55079120400,2753956020015,251,141,172,116,33,19,11,48,207,378,284,280,172,354,169,112,167,65,43,93,42,63,41,129,301,102,61,28,18,38,126,294,247,351,158,161,259,193,72,185,106,67,222,111,185,95
55079120501,1652373615036,222,156,288,106,0,0,0,75,125,234,141,106,149,136,112,123,59,34,43,94,50,71,19,150,152,121,50,17,0,33,50,188,200,193,68,99,114,181,75,84,18,41,85,101,49,44
55079120502,1652373615066,40,87,195,83,75,28,8,57,186,218,180,40,81,140,82,187,94,86,65,98,75,78,78,90,93,125,98,42,85,20,101,109,200,115,115,114,212,192,174,205,106,115,97,121,209,232
55079130100,1652373903006,145,141,227,70,83,12,12,156,107,164,111,126,176,178,304,43,130,24,63,93,23,98,25,85,86,75,46,60,57,27,81,165,150,105,90,87,260,390,68,135,62,67,39,77,44,77
55079130200,1652373906006,82,55,72,100,42,16,15,34,62,94,117,38,101,91,123,24,45,10,9,53,29,28,72,69,101,62,75,24,8,0,28,40,74,78,96,155,137,95,36,54,17,48,99,33,74,161
55079140100,1101582802003,42,68,83,33,11,0,22,16,0,65,64,79,76,84,106,45,75,43,78,101,102,64,64,44,37,133,34,19,30,19,0,136,79,16,115,111,125,116,47,83,86,77,169,74,128,68
55079140201,1652374206036,199,138,93,102,42,12,0,24,116,197,117,115,135,166,154,91,120,65,43,83,95,123,50,142,104,200,92,10,9,13,13,244,265,121,224,120,132,246,120,119,54,79,58,106,79,303
55079140202,2203165608090,305,261,282,114,26,0,37,11,149,354,144,174,157,222,280,0,90,131,33,186,101,27,49,48,315,244,123,0,53,55,47,192,229,153,235,42,269,233,93,75,96,113,177,85,8,85
55079150100,2203166004010,215,208,311,201,40,11,38,63,145,152,334,377,410,329,313,151,213,72,128,119,106,68,51,360,251,235,197,132,47,46,51,210,268,302,304,432,255,488,101,164,139,134,141,181,125,156
55079150301,2203166012050,233,158,129,170,50,41,11,129,271,270,112,234,169,218,335,40,149,73,70,149,94,73,38,202,92,156,110,11,23,16,29,217,172,191,149,139,378,195,67,158,71,144,150,177,43,26
55079150303,1101583006063,62,106,245,63,120,13,37,13,66,105,80,132,307,149,156,46,136,85,74,101,104,110,51,132,84,189,122,15,0,31,31,93,139,188,108,152,231,174,40,162,39,99,160,227,14,116
55079150304,1652374509126,167,145,106,28,0,0,0,79,260,244,127,86,101,159,167,73,42,24,25,108,79,22,8,58,160,121,49,56,6,7,97,130,142,239,70,88,198,224,41,118,29,43,66,96,71,26
55079160100,2203166404010,140,142,179,99,27,9,18,175,437,171,326,189,202,159,289,136,127,106,125,98,52,19,0,243,222,269,46,14,9,68,119,211,133,225,282,131,315,245,94,183,162,130,72,31,57,80
55079160202,2203166408090,179,198,220,193,28,48,20,168,169,133,326,216,321,296,235,157,77,81,128,83,67,71,40,333,218,228,226,99,25,35,112,359,206,242,284,150,401,345,0,112,98,67,97,61,71,183
55079160203,1652374806096,93,157,194,28,70,0,122,126,199,237,107,235,162,293,124,25,163,37,72,48,60,88,11,304,355,67,55,31,31,8,90,319,431,285,127,260,188,236,25,118,60,27,81,51,26,77
55079160204,1652374806126,217,235,113,16,39,0,0,39,432,406,147,218,219,76,125,31,78,74,69,14,0,45,52,162,178,117,36,50,23,11,138,378,298,123,120,148,179,182,45,91,95,44,59,61,33,30
55079160300,2203166412010,492,348,387,242,163,65,44,149,221,266,357,477,459,522,253,192,166,122,170,78,33,47,44,262,442,255,272,73,74,53,37,186,413,324,424,375,442,355,125,289,113,108,42,37,69,30
55079170100,1101583402003,40,129,77,25,46,12,0,75,111,75,63,31,109,138,100,63,57,50,30,44,26,21,10,57,131,79,41,19,31,18,32,63,114,45,61,87,138,168,36,77,17,42,35,26,18,69
55079170200,1101583404003,38,88,105,78,31,85,30,68,106,93,56,254,195,80,86,45,70,26,59,46,43,61,72,86,95,81,115,55,95,30,69,134,187,103,117,168,114,127,68,47,63,50,66,66,83,69
55079170300,1652375109006,94,92,51,73,0,8,10,60,111,123,60,98,79,81,106,41,17,13,51,35,36,5,21,138,85,70,40,43,0,12,30,186,107,131,55,65,64,110,38,25,20,22,41,16,18,49
55079170400,1101583408003,167,70,58,21,13,7,19,39,59,95,60,44,103,206,217,9,57,36,53,46,48,30,38,100,70,40,82,51,16,0,48,87,136,61,67,149,227,191,10,34,33,29,74,29,69,32
55079170500,1101583410003,87,70,41,0,22,32,11,9,141,28,91,20,99,127,85,23,32,5,8,100,20,41,52,0,64,73,65,10,11,0,68,83,60,108,102,84,86,59,29,35,15,29,40,40,135,87
55079170600,2203166824010,133,126,60,67,61,0,8,81,54,128,74,165,149,133,119,67,40,0,97,65,46,10,19,100,105,150,30,45,35,6,27,169,150,97,143,137,93,129,53,52,9,51,135,17,9,52
55079170700,1652375121006,59,145,63,84,27,10,0,53,94,47,55,205,78,112,94,28,29,18,30,27,21,16,12,166,69,130,87,53,0,41,40,90,45,181,159,170,62,98,9,27,11,32,45,30,4,19
55079180100,1652375403006,107,92,61,69,48,9,0,49,86,83,63,77,166,97,105,19,95,45,38,39,39,54,20,125,50,70,22,27,0,6,5,81,64,147,76,152,111,168,35,42,42,43,52,19,41,42
55079180200,2753959010015,107,148,192,51,36,39,75,126,69,315,191,201,228,175,310,49,88,40,20,71,20,54,13,276,184,107,78,23,0,0,101,87,144,159,154,226,185,240,8,87,47,117,53,93,26,1
55079180300,1652375409006,128,157,114,56,43,40,27,56,111,172,98,147,65,81,77,30,64,29,13,15,16,14,27,102,152,74,44,34,18,0,62,204,128,55,131,135,111,60,45,29,30,27,0,72,35,23
55079180400,1652375412006,52,68,142,81,43,8,6,18,73,67,92,86,86,86,130,58,50,68,11,46,33,45,79,30,41,73,22,35,5,0,25,51,62,124,57,100,137,78,40,30,42,18,43,60,64,88
55079180500,1652375415006,192,39,80,114,21,0,9,80,166,114,107,107,59,201,114,113,62,93,74,169,36,96,127,156,60,222,39,30,18,22,71,121,44,102,194,133,167,192,70,129,20,53,224,103,63,216
55079185100,1652375553006,106,196,13,31,56,4,19,116,94,103,148,260,107,270,256,30,69,11,0,111,103,15,89,63,80,32,10,29,14,36,35,185,53,297,66,187,304,147,116,113,45,103,101,101,43,138
55079185200,2203167408010,115,109,66,72,0,0,63,137,256,199,179,85,245,247,212,51,68,49,99,48,23,51,130,160,0,165,45,0,47,35,115,195,147,122,97,216,210,261,56,42,72,155,17,111,124,115
55079185300,1652375559006,102,110,68,28,23,14,27,73,194,101,111,154,101,80,73,41,59,22,26,126,71,24,63,104,117,104,7,10,17,29,87,216,135,65,122,112,87,168,19,80,54,53,107,73,81,108
55079185400,1101583708003,78,109,108,74,38,20,13,54,53,62,84,35,22,25,34,11,20,8,10,20,0,0,0,82,45,64,24,15,22,0,65,70,45,52,37,67,51,47,6,12,8,31,36,19,12,2
55079185500,1101583710003,154,71,75,22,6,55,0,12,34,47,74,55,18,74,27,33,0,0,15,6,21,0,0,48,124,172,104,28,13,16,28,113,45,79,63,69,80,32,0,14,4,11,6,26,6,0
55079185600,1652375568006,7,88,67,49,0,10,0,33,93,85,13,59,54,31,39,17,33,2,0,19,13,5,11,108,46,48,48,0,0,16,57,25,83,84,44,56,34,84,14,34,16,4,33,49,28,17
55079185700,1652375571006,216,94,47,152,14,1,8,84,15,55,10,40,67,60,49,36,24,37,8,0,0,0,0,80,221,108,17,63,74,22,88,39,70,146,17,69,56,76,23,7,0,20,7,38,0,26
55079185800,1101583716003,84,69,44,24,0,16,0,57,92,29,40,13,38,25,68,15,21,25,9,0,14,7,0,96,42,70,16,11,19,24,24,146,85,56,36,82,70,33,0,38,5,5,6,12,7,0
55079185900,550791859001,11,73,70,25,62,11,0,30,15,20,40,26,15,87,19,14,15,10,13,13,0,4,13,54,34,54,48,28,13,22,30,48,22,28,16,78,42,9,26,18,6,0,20,0,3,6
55079186000,550791860001,29,27,30,66,16,0,0,51,38,40,28,26,32,38,85,47,20,15,10,16,47,6,23,66,90,55,28,40,0,0,17,66,29,49,28,49,39,76,37,31,44,44,45,6,23,25
55079186100,1101583722003,170,152,90,22,7,8,18,1,36,70,33,41,44,48,34,15,15,18,14,7,4,0,9,164,152,93,96,77,27,11,35,189,120,93,98,19,4,82,22,20,24,17,11,15,4,0
55079186200,1101583724003,40,79,88,44,55,0,0,40,58,35,37,13,39,68,38,11,36,22,4,9,31,19,0,81,105,88,57,12,27,0,15,19,37,58,66,33,36,27,18,11,0,17,31,27,8,8
55079186300,1101583726003,6,13,0,37,102,90,57,430,505,312,262,265,139,107,116,32,24,17,11,19,4,1,0,21,13,9,13,10,7,12,180,212,94,20,55,41,39,10,7,19,0,3,14,5,22,3
55079186400,1101583728003,0,0,0,0,260,78,0,101,65,16,0,14,4,14,8,8,5,8,4,9,21,0,0,0,0,0,5,600,84,30,34,43,17,10,7,4,4,0,7,3,15,3,4,0,8,0
55079186500,1101583730003,35,66,45,43,16,0,7,51,142,142,64,63,40,40,72,16,36,13,36,22,27,7,6,107,59,59,37,66,0,17,64,85,102,87,5,36,40,5,5,37,4,21,10,6,17,4
55079186600,1101583732003,135,141,109,44,5,12,30,70,101,134,110,84,28,52,38,5,33,15,14,0,16,5,0,169,101,62,43,14,14,50,14,82,118,87,48,56,27,34,19,16,0,5,15,16,0,4
55079186800,550791868001,58,26,39,13,0,0,9,21,34,65,63,91,91,63,70,6,47,35,18,15,8,13,17,74,51,0,35,32,0,24,44,61,39,48,16,43,8,58,36,41,25,28,11,4,4,4
55079186900,550791869001,0,0,0,0,7,19,0,34,349,147,55,12,34,12,38,36,52,25,22,49,79,37,122,9,28,0,0,0,0,7,74,301,154,19,13,22,22,53,42,22,28,63,81,42,63,218
55079187000,1652375610006,61,59,0,0,0,17,0,144,530,80,142,155,228,68,174,50,77,35,59,20,0,5,44,40,33,0,30,25,0,0,153,575,243,37,144,88,50,94,59,77,39,14,57,30,11,51
55079187200,1652375616006,102,73,135,146,109,65,134,368,412,355,339,356,254,245,231,22,74,40,74,84,36,8,26,94,34,111,73,41,16,7,81,64,211,89,129,140,182,118,29,111,91,43,74,105,26,43
55079187300,1652375619006,261,150,277,179,105,67,15,124,113,171,218,279,187,292,256,103,70,68,39,113,60,61,38,198,302,286,150,54,15,36,12,226,142,262,257,240,228,327,80,126,117,44,73,38,33,65
55079187400,550791874001,37,0,0,0,42,46,5,112,308,176,201,113,123,130,58,27,43,19,27,11,8,0,22,0,10,26,11,112,23,7,130,363,309,119,89,45,54,96,22,61,40,8,13,8,0,0
